{
  "P_delta": {
    "EnvFail": 0.2909210498323311,
    "AgentFail": 0.7090789501652454
  },
  "theta": {
    "EnvFail": {
      "E_gui": 0.18860857633732636,
      "E_code": 0.7691261124288024,
      "E_noresp": 0.44458909452023027
    },
    "AgentFail": {
      "E_gui": 0.44524008459940073,
      "E_code": 0.95,
      "E_noresp": 0.05
    }
  },
  "psi": {
    "EnvFail": 0.026968794448442683,
    "AgentFail": 0.9270226398762845
  }
}